,total_intensity,time,stack
0,0.9962954165775951,0.0,0
1,0.971070362540874,0.18927027027027027,0
2,0.9844762198839299,0.37854054054054054,0
3,0.9978511991005756,0.5678108108108109,0
4,0.9749237943675131,0.7570810810810811,0
5,0.9848063783124708,0.9463513513513513,0
6,0.9833669825736523,1.1356216216216217,0
7,0.9831389594863147,1.324891891891892,0
8,0.9878316429538491,1.5141621621621622,0
9,0.9816552259249582,1.7034324324324324,0
10,0.9705145562654885,1.8927027027027026,0
11,0.9990372358534635,2.081972972972973,0
12,0.9692485530826663,2.2712432432432434,0
13,0.9791343040149482,2.4605135135135137,0
14,0.9891198150479402,2.649783783783784,0
15,0.9768564483820653,2.839054054054054,0
16,1.0,3.0283243243243243,0
17,0.9490067536004687,3.2175945945945945,0
18,0.9774850953659058,3.4068648648648647,0
19,0.9714068549440631,3.596135135135135,0
20,0.17347489766672208,3.785405405405405,0
21,0.2382888767487708,3.974675675675676,0
22,0.3007236566035644,4.163945945945946,0
23,0.35329802142466926,4.353216216216216,0
24,0.3955883866574824,4.542486486486487,0
25,0.445044060711147,4.731756756756757,0
26,0.4789419095350071,4.921027027027027,0
27,0.5041329184579939,5.110297297297297,0
28,0.5475499394313674,5.299567567567568,0
29,0.5666904190715977,5.4888378378378375,0
30,0.6113766102151176,5.678108108108108,0
31,0.6373371970578687,5.867378378378378,0
32,0.6562433196361132,6.056648648648649,0
33,0.6669699057029524,6.245918918918919,0
34,0.6934767978591165,6.435189189189189,0
35,0.6854397757772974,6.62445945945946,0
36,0.6927776854073141,6.8137297297297295,0
37,0.7392342224650246,7.003,0
38,0.73534595377782,7.19227027027027,0
39,0.7499663507596811,7.3815405405405405,0
40,0.7640760710355257,7.57081081081081,0
41,0.7841832735564476,7.760081081081081,0
42,0.7792863194065066,7.949351351351352,0
43,0.781149299699928,8.138621621621622,0
44,0.7914119221237818,8.327891891891891,0
45,0.7983397068953232,8.517162162162162,0
46,0.79277451841999,8.706432432432432,0
47,0.8137280983032865,8.895702702702703,0
48,0.80881926795088,9.084972972972974,0
49,0.8187208538197825,9.274243243243243,0
50,0.8292582123940049,9.463513513513513,0
51,0.8221982059016809,9.652783783783784,0
52,0.8351519758042169,9.842054054054055,0
53,0.8507438461477558,10.031324324324324,0
54,0.8417464351598932,10.220594594594594,0
55,0.85398050719302,10.409864864864865,0
56,0.8672905631695209,10.599135135135135,0
57,0.842667236724385,10.788405405405406,0
58,0.8437915172244523,10.977675675675675,0
59,0.8616018621885466,11.166945945945946,0
60,0.8579289486393831,11.356216216216216,0
61,0.8477209567468706,11.545486486486487,0
62,0.8774320483282265,11.734756756756756,0
63,0.8577444716277524,11.924027027027027,0
64,0.8636730718985297,12.113297297297297,0
65,0.9025082539607135,12.302567567567568,0
66,0.8875252369302392,12.491837837837839,0
67,0.8697457700925552,12.681108108108107,0
68,0.8972597642177937,12.870378378378378,0
69,0.8672153472205727,13.059648648648649,0
70,0.890681139798738,13.24891891891892,0
71,0.8680743925322439,13.438189189189188,0
72,0.8885711344940342,13.627459459459459,0
73,0.9002961133148064,13.81672972972973,0
74,0.8948599795729317,14.006,0
75,0.8817898228862339,14.19527027027027,0
76,0.9081336151952052,14.38454054054054,0
77,0.8804319770710117,14.57381081081081,0
78,0.8936462316809577,14.763081081081081,0
79,0.8849370165395913,14.952351351351352,0
80,0.894461730916922,15.14162162162162,0
81,0.8923952716879251,15.330891891891891,0
82,0.917872892963746,15.520162162162162,0
83,0.8988377156520431,15.709432432432433,0
84,0.9080259376261847,15.898702702702703,0
85,0.9242614981433537,16.087972972972974,0
86,0.9153685977371876,16.277243243243245,0
87,0.9097329437938925,16.46651351351351,0
88,0.9177707576225426,16.655783783783782,0
89,0.9215869773481231,16.845054054054053,0
90,0.9287412017133402,17.034324324324324,0
91,0.9367180510360007,17.223594594594594,0
92,0.9397757772974513,17.412864864864865,0
93,0.9363134684053427,17.602135135135136,0
94,0.9266509900794122,17.791405405405406,0
95,0.9172917507897674,17.980675675675677,0
96,0.9155024029516322,18.169945945945948,0
97,0.924980404265932,18.359216216216215,0
98,0.9443124866392723,18.548486486486485,0
99,0.9165277150978203,18.737756756756756,0
100,0.9395350862608173,18.927027027027027,0
101,0.9257254380339343,19.116297297297297,0
102,0.9074732983381234,19.305567567567568,0
103,0.9271299969121873,19.49483783783784,0
104,0.9252598908972867,19.68410810810811,0
105,0.9178697259764218,19.87337837837838,0
106,0.9286390663721369,20.062648648648647,0
107,0.927787146781945,20.251918918918918,0
108,0.917660704813029,20.44118918918919,0
109,0.920347101810725,20.63045945945946,0
110,0.9265219353459537,20.81972972972973,0
111,0.9232425199718138,21.009,0
112,0.9284910097147336,21.19827027027027,0
113,0.9144390869575545,21.38754054054054,0
114,0.9329200414875339,21.576810810810812,0
115,0.9215236376016405,21.76608108108108,0
116,0.923319319414424,21.95535135135135,0
117,0.9312106600793331,22.14462162162162,0
118,0.9220295638266708,22.33389189189189,0
119,0.9268877223818912,22.523162162162162,0
120,0.9364235212148564,22.712432432432433,0
121,0.9320293263026215,22.901702702702703,0
122,0.9199084740663326,23.090972972972974,0
123,0.9169370482094645,23.280243243243245,0
124,0.9320792063529766,23.469513513513512,0
125,0.9086157890153045,23.658783783783782,0
126,0.9221277404337189,23.848054054054053,0
127,0.9155894951030459,24.037324324324324,0
128,0.9025882203906479,24.226594594594594,0
129,0.9416886376412278,24.415864864864865,0
130,0.9098548728058716,24.605135135135136,0
131,0.9168174944379786,24.794405405405406,0
132,0.9061669160669185,24.983675675675677,0
133,0.9200953263184564,25.172945945945944,0
134,0.9180003642035423,25.362216216216215,0
135,0.9193035794874231,25.551486486486485,0
136,0.897028574143132,25.740756756756756,0
137,0.914023419871262,25.930027027027027,0
138,0.9282408177161271,26.119297297297297,0
139,0.9291283659137154,26.308567567567568,0
140,0.9287419934601712,26.49783783783784,0
141,0.8996120440527937,26.68710810810811,0
142,0.9237151928299407,26.876378378378377,0
143,0.9234816275147859,27.065648648648647,0
144,0.9313895948631465,27.254918918918918,0
145,0.9244958552053395,27.44418918918919,0
146,0.927335059341425,27.63345945945946,0
147,0.9097155253636098,27.82272972972973,0
148,0.9259597950959201,28.012,0
149,0.9847172339774914,0.0,1
150,0.9893063358536044,0.18927027027027027,1
151,0.9901060372584407,0.37854054054054054,1
152,0.992539617822174,0.5678108108108109,1
153,0.9784208033289163,0.7570810810810811,1
154,0.9831485600877797,0.9463513513513513,1
155,0.9823353679375948,1.1356216216216217,1
156,0.9991793129912879,1.324891891891892,1
157,0.9753726443659649,1.5141621621621622,1
158,0.9900813042253015,1.7034324324324324,1
159,0.9671208051276824,1.8927027027027026,1
160,1.0,2.081972972972973,1
161,0.9881978462774537,2.2712432432432434,1
162,0.9846175523590817,2.4605135135135137,1
163,0.9917414153890431,2.649783783783784,1
164,0.9872497466737817,2.839054054054054,1
165,0.9894082659295723,3.0283243243243243,1
166,0.9808049178263711,3.2175945945945945,1
167,0.9853250670040352,3.4068648648648647,1
168,0.9701194980243553,3.596135135135135,1
169,0.18208009305616346,3.785405405405405,1
170,0.2475626720070032,3.974675675675676,1
171,0.307063604367404,4.163945945945946,1
172,0.35826398090909634,4.353216216216216,1
173,0.4072871010486806,4.542486486486487,1
174,0.456266751008808,4.731756756756757,1
175,0.4951965451700134,4.921027027027027,1
176,0.5185295387364268,5.110297297297297,1
177,0.5680870422889898,5.299567567567568,1
178,0.578786702322207,5.4888378378378375,1
179,0.6002437327992997,5.678108108108108,1
180,0.620377920746368,5.867378378378378,1
181,0.6537840041731372,6.056648648648649,1
182,0.6531454422266325,6.245918918918919,1
183,0.6654107782061506,6.435189189189189,1
184,0.695330253446136,6.62445945945946,1
185,0.7005579172687536,6.8137297297297295,1
186,0.7157627367625808,7.003,1
187,0.7272231249362937,7.19227027027027,1
188,0.7332782211402977,7.3815405405405405,1
189,0.7474240171242528,7.57081081081081,1
190,0.7726224809780491,7.760081081081081,1
191,0.7615473285326266,7.949351351351352,1
192,0.7800656249812629,8.138621621621622,1
193,0.7822668649306576,8.327891891891891,1
194,0.8087701836540133,8.517162162162162,1
195,0.8048331344697538,8.706432432432432,1
196,0.8132386183078408,8.895702702702703,1
197,0.8225607233437862,9.084972972972974,1
198,0.8311265971543521,9.274243243243243,1
199,0.8440432363398709,9.463513513513513,1
200,0.8249868090489924,9.652783783783784,1
201,0.8520514926760242,9.842054054054055,1
202,0.8508313297078204,10.031324324324324,1
203,0.8540173940676696,10.220594594594594,1
204,0.8762186639964984,10.409864864864865,1
205,0.8562501124228779,10.599135135135135,1
206,0.8549684916147523,10.788405405405406,1
207,0.8675351209070578,10.977675675675675,1
208,0.8701680647076105,11.166945945945946,1
209,0.8700796253769914,11.356216216216216,1
210,0.876758293810446,11.545486486486487,1
211,0.8867961578357247,11.734756756756756,1
212,0.8723550644258039,11.924027027027027,1
213,0.8797989579148704,12.113297297297297,1
214,0.875020236118023,12.302567567567568,1
215,0.8826949712497227,12.491837837837839,1
216,0.8766878421402917,12.681108108108107,1
217,0.8907819236004101,12.870378378378378,1
218,0.8806391315557528,13.059648648648649,1
219,0.8980736714613775,13.24891891891892,1
220,0.8801422224354093,13.438189189189188,1
221,0.8978593185075039,13.627459459459459,1
222,0.8854051120931041,13.81672972972973,1
223,0.8985113711993572,14.006,1
224,0.9189963185254915,14.19527027027027,1
225,0.8993800253026424,14.38454054054054,1
226,0.9088085573296718,14.57381081081081,1
227,0.9147302450518944,14.763081081081081,1
228,0.9025983175541579,14.952351351351352,1
229,0.9081085375432454,15.14162162162162,1
230,0.9135213243714811,15.330891891891891,1
231,0.8942160677775046,15.520162162162162,1
232,0.9015437909594018,15.709432432432433,1
233,0.9065556028564404,15.898702702702703,1
234,0.9118806998399098,16.087972972972974,1
235,0.9047321037768091,16.277243243243245,1
236,0.9091885466569933,16.46651351351351,1
237,0.8989783008855925,16.655783783783782,1
238,0.9166901505567181,16.845054054054053,1
239,0.9408123527260299,17.034324324324324,1
240,0.9373025104778122,17.223594594594594,1
241,0.9283836288306222,17.412864864864865,1
242,0.9092739880442017,17.602135135135136,1
243,0.9255490733356917,17.791405405405406,1
244,0.9126886455891259,17.980675675675677,1
245,0.9089749431889723,18.169945945945948,1
246,0.9282374790893447,18.359216216216215,1
247,0.9305893656951332,18.548486486486485,1
248,0.9302693352360281,18.737756756756756,1
249,0.9311439852261348,18.927027027027027,1
250,0.9148479143307691,19.116297297297297,1
251,0.9242022472583807,19.305567567567568,1
252,0.9268217003135849,19.49483783783784,1
253,0.9164713006877282,19.68410810810811,1
254,0.9281010726641524,19.87337837837838,1
255,0.928203752225973,20.062648648648647,1
256,0.9317293336770975,20.251918918918918,1
257,0.9296105371715003,20.44118918918919,1
258,0.9303480312505621,20.63045945945946,1
259,0.9246894130626391,20.81972972972973,1
260,0.9475457336267321,21.009,1
261,0.9614741787134026,21.19827027027027,1
262,0.9253234780940275,21.38754054054054,1
263,0.9456465364759775,21.576810810810812,1
264,0.9371653545667672,21.76608108108108,1
265,0.9759842248217723,21.95535135135135,1
266,0.9507430402743717,22.14462162162162,1
267,0.9614584395104958,22.33389189189189,1
268,0.9409285230331992,22.523162162162162,1
269,0.9465504164143398,22.712432432432433,1
270,0.9532665591404297,22.901702702702703,1
271,0.9716177202439127,23.090972972972974,1
272,0.963681414549619,23.280243243243245,1
273,0.9591402797680791,23.469513513513512,1
274,0.9427625149147685,23.658783783783782,1
275,0.9420744869019853,23.848054054054053,1
276,0.9449824920104808,24.037324324324324,1
277,0.9447561472829639,24.226594594594594,1
278,0.9542281494894502,24.415864864864865,1
279,0.9554722960049407,24.605135135135136,1
280,0.9678807837823253,24.794405405405406,1
281,0.9664072945959072,24.983675675675677,1
282,0.9411646110768013,25.172945945945944,1
283,0.9505459254951103,25.362216216216215,1
284,0.9435787050083643,25.551486486486485,1
285,0.94384627145778,25.740756756756756,1
286,0.9425174330409339,25.930027027027027,1
287,0.9485395518674189,26.119297297297297,1
288,0.9631852549151282,26.308567567567568,1
289,0.949314520239116,26.49783783783784,1
290,0.9588007626768037,26.68710810810811,1
291,0.9593606286087744,26.876378378378377,1
292,0.9603941695996546,27.065648648648647,1
293,0.9547467936995221,27.254918918918918,1
294,0.9538241766148422,27.44418918918919,1
295,0.9686070355735965,27.63345945945946,1
296,0.9620355436170787,27.82272972972973,1
297,0.9681303625712762,28.012,1
298,0.9801497594987049,0.0,2
299,1.0,0.18927027027027027,2
300,0.9703701799563604,0.37854054054054054,2
301,0.9608582441061684,0.5678108108108109,2
302,0.947953130599537,0.7570810810810811,2
303,0.952402517967662,0.9463513513513513,2
304,0.9763959433079248,1.1356216216216217,2
305,0.9524849280310648,1.324891891891892,2
306,0.9358547284475003,1.5141621621621622,2
307,0.9719662133861161,1.7034324324324324,2
308,0.9488241066824733,1.8927027027027026,2
309,0.9570348707976538,2.081972972972973,2
310,0.9504813806180603,2.2712432432432434,2
311,0.9296452435784416,2.4605135135135137,2
312,0.9464153134531026,2.649783783783784,2
313,0.9419825593087837,2.839054054054054,2
314,0.9465899623030664,3.0283243243243243,2
315,0.9406360242361193,3.2175945945945945,2
316,0.949028997757539,3.4068648648648647,2
317,0.9543153387053606,3.596135135135135,2
318,0.16412833590644266,3.785405405405405,2
319,0.23237672134965,3.974675675675676,2
320,0.29370341752264767,4.163945945945946,2
321,0.3448180703343429,4.353216216216216,2
322,0.3982757395358121,4.542486486486487,2
323,0.43817959950221297,4.731756756756757,2
324,0.47157835684918353,4.921027027027027,2
325,0.5156949587722867,5.110297297297297,2
326,0.5318216253079037,5.299567567567568,2
327,0.5728966154413777,5.4888378378378375,2
328,0.6007927999310477,5.678108108108108,2
329,0.5977217019719443,5.867378378378378,2
330,0.6237050657239157,6.056648648648649,2
331,0.6556272464302834,6.245918918918919,2
332,0.657377515208059,6.435189189189189,2
333,0.6797318119477959,6.62445945945946,2
334,0.6986611766947365,6.8137297297297295,2
335,0.6991064934593628,7.003,2
336,0.6909637743506616,7.19227027027027,2
337,0.702313681431425,7.3815405405405405,2
338,0.7271705222983487,7.57081081081081,2
339,0.7319404772525543,7.760081081081081,2
340,0.7364873957966331,7.949351351351352,2
341,0.7658329389243143,8.138621621621622,2
342,0.7697704766325887,8.327891891891891,2
343,0.7523449065288428,8.517162162162162,2
344,0.7823482180524914,8.706432432432432,2
345,0.8057073127212407,8.895702702702703,2
346,0.8188951910325755,9.084972972972974,2
347,0.8171464343660549,9.274243243243243,2
348,0.8086740750037424,9.463513513513513,2
349,0.835486831779135,9.652783783783784,2
350,0.8327846889662753,9.842054054054055,2
351,0.8324376594332304,10.031324324324324,2
352,0.8213296901532827,10.220594594594594,2
353,0.8324437078782508,10.409864864864865,2
354,0.8322531818601085,10.599135135135135,2
355,0.846770205964674,10.788405405405406,2
356,0.8451938299812347,10.977675675675675,2
357,0.8407542713362678,11.166945945945946,2
358,0.8558640430528317,11.356216216216216,2
359,0.8678376960263229,11.545486486486487,2
360,0.8556402505870772,11.734756756756756,2
361,0.8589736998489401,11.924027027027027,2
362,0.8797841309972223,12.113297297297297,2
363,0.8665561817376275,12.302567567567568,2
364,0.8642207259041291,12.491837837837839,2
365,0.890736352817895,12.681108108108107,2
366,0.9019237079387353,12.870378378378378,2
367,0.8747661897971806,13.059648648648649,2
368,0.8677688949642159,13.24891891891892,2
369,0.8698699735531742,13.438189189189188,2
370,0.863119908910418,13.627459459459459,2
371,0.8740434006172438,13.81672972972973,2
372,0.8831387498166565,14.006,2
373,0.8914538496084388,14.19527027027027,2
374,0.8845918887328054,14.38454054054054,2
375,0.8771553255802349,14.57381081081081,2
376,0.8925675195478182,14.763081081081081,2
377,0.8896597296042653,14.952351351351352,2
378,0.888214151244392,15.14162162162162,2
379,0.896410550302649,15.330891891891891,2
380,0.8994846724842627,15.520162162162162,2
381,0.8910886747403327,15.709432432432433,2
382,0.8810762300647033,15.898702702702703,2
383,0.905309325038899,16.087972972972974,2
384,0.8967454829456533,16.277243243243245,2
385,0.9087486220886188,16.46651351351351,2
386,0.9035250337578837,16.655783783783782,2
387,0.916790785798856,16.845054054054053,2
388,0.9091803298519492,17.034324324324324,2
389,0.8997840705127721,17.223594594594594,2
390,0.8942731810435685,17.412864864864865,2
391,0.9129651443234588,17.602135135135136,2
392,0.9111460744835762,17.791405405405406,2
393,0.898453412608286,17.980675675675677,2
394,0.9009340311222739,18.169945945945948,2
395,0.9089875356669243,18.359216216216215,2
396,0.9141438350468074,18.548486486486485,2
397,0.9137620269548953,18.737756756756756,2
398,0.9264040331031396,18.927027027027027,2
399,0.913604767384365,19.116297297297297,2
400,0.9257371920396416,19.305567567567568,2
401,0.9240375789889117,19.49483783783784,2
402,0.9106674912713377,19.68410810810811,2
403,0.9136743245020996,19.87337837837838,2
404,0.9141234215448636,20.062648648648647,2
405,0.9347856657901462,20.251918918918918,2
406,0.922300919212432,20.44118918918919,2
407,0.9162093790212709,20.63045945945946,2
408,0.9257235830383457,20.81972972972973,2
409,0.8971136820362695,21.009,2
410,0.9059890190480655,21.19827027027027,2
411,0.9223780368864419,21.38754054054054,2
412,0.9230909973432205,21.576810810810812,2
413,0.9177547567239808,21.76608108108108,2
414,0.9237601065736013,21.95535135135135,2
415,0.9328267256591671,22.14462162162162,2
416,0.915135023974524,22.33389189189189,2
417,0.9494591934096143,22.523162162162162,2
418,0.9203419790814529,22.712432432432433,2
419,0.9146670255410712,22.901702702702703,2
420,0.9274368050903713,23.090972972972974,2
421,0.9294653023390849,23.280243243243245,2
422,0.9259042803333298,23.469513513513512,2
423,0.9110750052545866,23.658783783783782,2
424,0.9373910334826795,23.848054054054053,2
425,0.9275804556596056,24.037324324324324,2
426,0.9223583794401257,24.226594594594594,2
427,0.9091757935181839,24.415864864864865,2
428,0.9467555384854996,24.605135135135136,2
429,0.9207426885640538,24.794405405405406,2
430,0.9358978236182706,24.983675675675677,2
431,0.9493828317912318,25.172945945945944,2
432,0.9150541260223762,25.362216216216215,2
433,0.9112730918290044,25.551486486486485,2
434,0.90679270618015,25.740756756756756,2
435,0.93345198366315,25.930027027027027,2
436,0.9231030942332613,26.119297297297297,2
437,0.923291352084521,26.308567567567568,2
438,0.9245433802037418,26.49783783783784,2
439,0.9224105472784265,26.68710810810811,2
440,0.934008440605026,26.876378378378377,2
441,0.925419648676071,27.065648648648647,2
442,0.9295015930092072,27.254918918918918,2
443,0.9159613927754349,27.44418918918919,2
444,0.9270035852157859,27.63345945945946,2
445,0.926636142180797,27.82272972972973,2
446,0.9207555415097222,28.012,2
447,0.983621517604237,0.0,3
448,0.9640746901250635,0.18927027027027027,3
449,1.0,0.37854054054054054,3
450,0.9649568158566885,0.5678108108108109,3
451,0.9640042244601112,0.7570810810810811,3
452,0.9572760583768887,0.9463513513513513,3
453,0.9683174191123762,1.1356216216216217,3
454,0.9807454745384064,1.324891891891892,3
455,0.9826123796864017,1.5141621621621622,3
456,0.9584435265542464,1.7034324324324324,3
457,0.9727584958973324,1.8927027027027026,3
458,0.9578467432683542,2.081972972972973,3
459,0.9496440179000188,2.2712432432432434,3
460,0.9687019354569307,2.4605135135135137,3
461,0.9493308371668975,2.649783783783784,3
462,0.9526583824563113,2.839054054054054,3
463,0.9660912260677723,3.0283243243243243,3
464,0.9473412695650963,3.2175945945945945,3
465,0.950330405673443,3.4068648648648647,3
466,0.9616910367674181,3.596135135135135,3
467,0.20078451773646885,3.785405405405405,3
468,0.26868993019549436,3.974675675675676,3
469,0.33825172075413923,4.163945945945946,3
470,0.38741239638937414,4.353216216216216,3
471,0.42955347387028747,4.542486486486487,3
472,0.45643395018338473,4.731756756756757,3
473,0.5144515509405861,4.921027027027027,3
474,0.5410780028812627,5.110297297297297,3
475,0.5660854844209984,5.299567567567568,3
476,0.5823395644699938,5.4888378378378375,3
477,0.6230060826657944,5.678108108108108,3
478,0.6339239110009952,5.867378378378378,3
479,0.6640597270455921,6.056648648648649,3
480,0.6657717817199886,6.245918918918919,3
481,0.6890167516894361,6.435189189189189,3
482,0.7108558881457613,6.62445945945946,3
483,0.7179911891820415,6.8137297297297295,3
484,0.7297876634629438,7.003,3
485,0.7542340295225037,7.19227027027027,3
486,0.7428812279468567,7.3815405405405405,3
487,0.7763141411540362,7.57081081081081,3
488,0.7653615149595997,7.760081081081081,3
489,0.7738034756101805,7.949351351351352,3
490,0.7782958792375093,8.138621621621622,3
491,0.7897156666921851,8.327891891891891,3
492,0.8068597019911335,8.517162162162162,3
493,0.796958841092096,8.706432432432432,3
494,0.8195887588995525,8.895702702702703,3
495,0.8238567163348111,9.084972972972974,3
496,0.8184908864406661,9.274243243243243,3
497,0.8205135120087412,9.463513513513513,3
498,0.8223856368356218,9.652783783783784,3
499,0.8323352147375893,9.842054054054055,3
500,0.8317462609700251,10.031324324324324,3
501,0.8211555325116399,10.220594594594594,3
502,0.8240820324733622,10.409864864864865,3
503,0.824463938978474,10.599135135135135,3
504,0.8343561004127026,10.788405405405406,3
505,0.8190276434193768,10.977675675675675,3
506,0.803085004210541,11.166945945945946,3
507,0.8297453840639724,11.356216216216216,3
508,0.8311851454898495,11.545486486486487,3
509,0.8512609004294056,11.734756756756756,3
510,0.8419803113712444,11.924027027027027,3
511,0.8327458294765706,12.113297297297297,3
512,0.8526328060297731,12.302567567567568,3
513,0.8513983519733866,12.491837837837839,3
514,0.8447867587186036,12.681108108108107,3
515,0.8273051841850689,12.870378378378378,3
516,0.843448781030991,13.059648648648649,3
517,0.8688216400927015,13.24891891891892,3
518,0.8798525614704183,13.438189189189188,3
519,0.8413348110824223,13.627459459459459,3
520,0.8363952549639146,13.81672972972973,3
521,0.8522717782402026,14.006,3
522,0.8482082582279539,14.19527027027027,3
523,0.8876620710293903,14.38454054054054,3
524,0.8535288509050923,14.57381081081081,3
525,0.8901118403195836,14.763081081081081,3
526,0.8616306624816441,14.952351351351352,3
527,0.8722657582105549,15.14162162162162,3
528,0.8774201911098429,15.330891891891891,3
529,0.8889408923563022,15.520162162162162,3
530,0.8870400592955522,15.709432432432433,3
531,0.8822701427408186,15.898702702702703,3
532,0.8818490886440666,16.087972972972974,3
533,0.888813010223611,16.277243243243245,3
534,0.8560743143081838,16.46651351351351,3
535,0.8801805312937148,16.655783783783782,3
536,0.8708146874804262,16.845054054054053,3
537,0.8806311635708172,17.034324324324324,3
538,0.8782492501061334,17.223594594594594,3
539,0.8780422028436811,17.412864864864865,3
540,0.883043525162332,17.602135135135136,3
541,0.8819717510978725,17.791405405405406,3
542,0.8705998106996458,17.980675675675677,3
543,0.898621656795674,18.169945945945948,3
544,0.8747659843966399,18.359216216216215,3
545,0.8729765044854441,18.548486486486485,3
546,0.8900283254574178,18.737756756756756,3
547,0.8919317683576107,18.927027027027027,3
548,0.8844711073374766,19.116297297297297,3
549,0.8792984055620898,19.305567567567568,3
550,0.8506789062336885,19.49483783783784,3
551,0.8610799863592392,19.68410810810811,3
552,0.8636393689060249,19.87337837837838,3
553,0.853879439336892,20.062648648648647,3
554,0.8653696924565201,20.251918918918918,3
555,0.862724185208126,20.44118918918919,3
556,0.853361821180761,20.63045945945946,3
557,0.8831583580978098,20.81972972972973,3
558,0.861413175861421,21.009,3
559,0.87409351576691,21.19827027027027,3
560,0.8589294786584729,21.38754054054054,3
561,0.8728016452427847,21.576810810810812,3
562,0.8622718130380619,21.76608108108108,3
563,0.8869452351291348,21.95535135135135,3
564,0.8808521299769638,22.14462162162162,3
565,0.888805180705283,22.33389189189189,3
566,0.8868799891430679,22.523162162162162,3
567,0.867846430087621,22.712432432432433,3
568,0.8671287242408847,22.901702702702703,3
569,0.8872784246313167,23.090972972972974,3
570,0.8668947086375246,23.280243243243245,3
571,0.9003137027010099,23.469513513513512,3
572,0.8781596456186015,23.658783783783782,3
573,0.884151836978989,23.848054054054053,3
574,0.8758325387822141,24.037324324324324,3
575,0.8917734380980882,24.226594594594594,3
576,0.8611452323453062,24.415864864864865,3
577,0.8711174288557768,24.605135135135136,3
578,0.8613131320161184,24.794405405405406,3
579,0.8828756254915198,24.983675675675677,3
580,0.8741204841078177,25.172945945945944,3
581,0.8814106356176968,25.362216216216215,3
582,0.8803449511786035,25.551486486486485,3
583,0.8681282927474302,25.740756756756756,3
584,0.8638046587373944,25.930027027027027,3
585,0.8809365147856104,26.119297297297297,3
586,0.851782868317941,26.308567567567568,3
587,0.8824954588793698,26.49783783783784,3
588,0.8696472193030684,26.68710810810811,3
589,0.8831861963851984,26.876378378378377,3
590,0.8762683819691413,27.065648648648647,3
591,0.8727224801130234,27.254918918918918,3
592,0.8665371606338778,27.44418918918919,3
593,0.8569155525552068,27.63345945945946,3
594,0.8650130143993542,27.82272972972973,3
595,0.8636019612073466,28.012,3
596,1.0,0.0,4
597,0.9840078709722759,0.18927027027027027,4
598,0.9878365367721986,0.37854054054054054,4
599,0.9937025194138936,0.5678108108108109,4
600,0.9814216943673355,0.7570810810810811,4
601,0.9861836325942585,0.9463513513513513,4
602,0.9765943989599072,1.1356216216216217,4
603,0.976209986296075,1.324891891891892,4
604,0.9889876664675498,1.5141621621621622,4
605,0.988052988509786,1.7034324324324324,4
606,0.9730911135317474,1.8927027027027026,4
607,0.9603970624407042,2.081972972972973,4
608,0.9900741417477775,2.2712432432432434,4
609,0.9783632594258407,2.4605135135135137,4
610,0.957901542570013,2.649783783783784,4
611,0.9709160546751467,2.839054054054054,4
612,0.9544326926455603,3.0283243243243243,4
613,0.9652166274289329,3.2175945945945945,4
614,0.9522316314698338,3.4068648648648647,4
615,0.9754116448223761,3.596135135135135,4
616,0.1673017323166661,3.785405405405405,4
617,0.222767490073439,3.974675675675676,4
618,0.2765831547137988,4.163945945945946,4
619,0.32067957412417863,4.353216216216216,4
620,0.3632151516216311,4.542486486486487,4
621,0.4023936188903335,4.731756756756757,4
622,0.42040690115604906,4.921027027027027,4
623,0.45855651990582946,5.110297297297297,4
624,0.49619452545767595,5.299567567567568,4
625,0.514446045187814,5.4888378378378375,4
626,0.5305133701113883,5.678108108108108,4
627,0.5663347271513405,5.867378378378378,4
628,0.5781988123265048,6.056648648648649,4
629,0.5992157138339366,6.245918918918919,4
630,0.6055764433044029,6.435189189189189,4
631,0.627462665589093,6.62445945945946,4
632,0.6405242629748059,6.8137297297297295,4
633,0.6551129695351207,7.003,4
634,0.6601939632453705,7.19227027027027,4
635,0.6883242559471521,7.3815405405405405,4
636,0.685206788713588,7.57081081081081,4
637,0.6991559787764855,7.760081081081081,4
638,0.70742190519695,7.949351351351352,4
639,0.7186134439017534,8.138621621621622,4
640,0.7449095189570962,8.327891891891891,4
641,0.7493959731543625,8.517162162162162,4
642,0.7672883797744123,8.706432432432432,4
643,0.7418728697424365,8.895702702702703,4
644,0.7513749604694473,9.084972972972974,4
645,0.7834231701746373,9.274243243243243,4
646,0.7636058891738993,9.463513513513513,4
647,0.773022945289715,9.652783783783784,4
648,0.7998868547735338,9.842054054054055,4
649,0.7975086967215995,10.031324324324324,4
650,0.7939182683860992,10.220594594594594,4
651,0.7973308970800098,10.409864864864865,4
652,0.8105562387996768,10.599135135135135,4
653,0.813054569731895,10.788405405405406,4
654,0.8199290206964405,10.977675675675675,4
655,0.810731930145121,11.166945945945946,4
656,0.8209311641308549,11.356216216216216,4
657,0.8237604975578903,11.545486486486487,4
658,0.8354945711374258,11.734756756756756,4
659,0.8364194103798447,11.924027027027027,4
660,0.839845391616009,12.113297297297297,4
661,0.8544952387645385,12.302567567567568,4
662,0.8532689131733371,12.491837837837839,4
663,0.8418412453002565,12.681108108108107,4
664,0.828826030429741,12.870378378378378,4
665,0.866030429741031,13.059648648648649,4
666,0.8495407428230085,13.24891891891892,4
667,0.8610977195263362,13.438189189189188,4
668,0.847923679679539,13.627459459459459,4
669,0.8481921360553779,13.81672972972973,4
670,0.8672581608629959,14.006,4
671,0.8489005235602094,14.19527027027027,4
672,0.8483256614779155,14.38454054054054,4
673,0.8436600021082962,14.57381081081081,4
674,0.8623029621560842,14.763081081081081,4
675,0.8564608735373695,14.952351351351352,4
676,0.8656031483889104,15.14162162162162,4
677,0.8662946695245792,15.330891891891891,4
678,0.8593450226641836,15.520162162162162,4
679,0.8602291015144594,15.709432432432433,4
680,0.8729856987244808,15.898702702702703,4
681,0.8697494641413964,16.087972972972974,4
682,0.8643367651709477,16.277243243243245,4
683,0.8632516954214835,16.46651351351351,4
684,0.8911346147088794,16.655783783783782,4
685,0.8724501915035665,16.845054054054053,4
686,0.8696342106187849,17.034324324324324,4
687,0.8940672546470361,17.223594594594594,4
688,0.8703524368389614,17.412864864864865,4
689,0.895610527425419,17.602135135135136,4
690,0.8743919322534172,17.791405405405406,4
691,0.9055511437506588,17.980675675675677,4
692,0.8777272567553323,18.169945945945948,4
693,0.8859622614989986,18.359216216216215,4
694,0.8940489827471099,18.548486486486485,4
695,0.8870768473944973,18.737756756756756,4
696,0.8935956990758636,18.927027027027027,4
697,0.8962240416037106,19.116297297297297,4
698,0.8824976281668365,19.305567567567568,4
699,0.8936814364524404,19.49483783783784,4
700,0.8573393302645912,19.68410810810811,4
701,0.8710601215784111,19.87337837837838,4
702,0.8845757054007519,20.062648648648647,4
703,0.8951734073579536,20.251918918918918,4
704,0.8980856671000387,20.44118918918919,4
705,0.8883151199971889,20.63045945945946,4
706,0.887898380125795,20.81972972972973,4
707,0.8961896061000035,21.009,4
708,0.8897037843915808,21.19827027027027,4
709,0.878769457816508,21.38754054054054,4
710,0.88351523243965,21.576810810810812,4
711,0.8986218770863347,21.76608108108108,4
712,0.874032819143329,21.95535135135135,4
713,0.8760406198390668,22.14462162162162,4
714,0.8844042306475983,22.33389189189189,4
715,0.8545043747145016,22.523162162162162,4
716,0.8773470606837908,22.712432432432433,4
717,0.8820569942724621,22.901702702702703,4
718,0.8796837555782002,23.090972972972974,4
719,0.8848582170842264,23.280243243243245,4
720,0.8713489581503215,23.469513513513512,4
721,0.8775262658561439,23.658783783783782,4
722,0.8835566955971749,23.848054054054053,4
723,0.8735331529568854,24.037324324324324,4
724,0.8770807126040971,24.226594594594594,4
725,0.8889328507677712,24.415864864864865,4
726,0.8893791067851997,24.605135135135136,4
727,0.8978530517586704,24.794405405405406,4
728,0.8847865350152851,24.983675675675677,4
729,0.8729582908745915,25.172945945945944,4
730,0.8846740925542008,25.362216216216215,4
731,0.8828391721423803,25.551486486486485,4
732,0.8863178607821779,25.740756756756756,4
733,0.8799957834077093,25.930027027027027,4
734,0.8759815875469974,26.119297297297297,4
735,0.8819529849959591,26.308567567567568,4
736,0.8670381952984996,26.49783783783784,4
737,0.8955711725640395,26.68710810810811,4
738,0.8819255771460698,26.876378378378377,4
739,0.8631188727643276,27.065648648648647,4
740,0.8749337643627675,27.254918918918918,4
741,0.8998067395200112,27.44418918918919,4
742,0.8736385677641519,27.63345945945946,4
743,0.8817794019466602,27.82272972972973,4
744,0.8891099476439791,28.012,4
745,0.9978842514166772,0.0,5
746,0.9880986519359274,0.18927027027027027,5
747,0.9916531095559096,0.37854054054054054,5
748,0.9613611852108824,0.5678108108108109,5
749,0.9915663813495189,0.7570810810810811,5
750,0.9818535216547741,0.9463513513513513,5
751,0.9828117284511881,1.1356216216216217,5
752,0.9798860503275388,1.324891891891892,5
753,0.9729946550245706,1.5141621621621622,5
754,1.0,1.7034324324324324,5
755,0.9609401337572757,1.8927027027027026,5
756,0.9818989840210274,2.081972972972973,5
757,0.9734520763711799,2.2712432432432434,5
758,0.9532576932815016,2.4605135135135137,5
759,0.9487457282861248,2.649783783783784,5
760,0.9708026695501464,2.839054054054054,5
761,0.98831966897802,3.0283243243243243,5
762,0.9719231420230333,3.2175945945945945,5
763,0.9660612944604456,3.4068648648648647,5
764,0.9720951995937763,3.596135135135135,5
765,0.18255028487418115,3.785405405405405,5
766,0.2480629534871034,3.974675675675676,5
767,0.30291294866109836,4.163945945945946,5
768,0.35549751915364464,4.353216216216216,5
769,0.3976082598824693,4.542486486486487,5
770,0.4278099589160093,4.731756756756757,5
771,0.47139228146939965,4.921027027027027,5
772,0.48996750489944424,5.110297297297297,5
773,0.5389577507739094,5.299567567567568,5
774,0.5638445494819389,5.4888378378378375,5
775,0.5858343463281096,5.678108108108108,5
776,0.5959836447388851,5.867378378378378,5
777,0.6430945463345442,6.056648648648649,5
778,0.6479513258924262,6.245918918918919,5
779,0.6604814534528317,6.435189189189189,5
780,0.6793644221313596,6.62445945945946,5
781,0.6865579673146569,6.8137297297297295,5
782,0.696945768293007,7.003,5
783,0.7148173741776558,7.19227027027027,5
784,0.7394397917403973,7.3815405405405405,5
785,0.7308243236249033,7.57081081081081,5
786,0.7532022991367746,7.760081081081081,5
787,0.7604231217398237,7.949351351351352,5
788,0.765824750271725,8.138621621621622,5
789,0.7622276279695668,8.327891891891891,5
790,0.7703087384263306,8.517162162162162,5
791,0.7930147423962444,8.706432432432432,5
792,0.7978022792732177,8.895702702702703,5
793,0.7725860532651071,9.084972972972974,5
794,0.8178567781590399,9.274243243243243,5
795,0.8034515028459441,9.463513513513513,5
796,0.8089650387409303,9.652783783783784,5
797,0.8141302629683148,9.842054054054055,5
798,0.8151318338679241,10.031324324324324,5
799,0.8138532922446798,10.220594594594594,5
800,0.8076130579106615,10.409864864864865,5
801,0.828838387582759,10.599135135135135,5
802,0.8252482594907935,10.788405405405406,5
803,0.8255126406360814,10.977675675675675,5
804,0.8531635512123065,11.166945945945946,5
805,0.8577006953643773,11.356216216216216,5
806,0.8466281612081519,11.545486486486487,5
807,0.8442284476910014,11.734756756756756,5
808,0.8585511913238222,11.924027027027027,5
809,0.8579881574033016,12.113297297297297,5
810,0.8653180896853585,12.302567567567568,5
811,0.8515912527609645,12.491837837837839,5
812,0.8647012003463533,12.681108108108107,5
813,0.8570970950247385,12.870378378378378,5
814,0.8429492066467378,13.059648648648649,5
815,0.8617174702781037,13.24891891891892,5
816,0.8567851532501395,13.438189189189188,5
817,0.8818719863696832,13.627459459459459,5
818,0.8748106317590298,13.81672972972973,5
819,0.892992780576239,14.006,5
820,0.8701552854547006,14.19527027027027,5
821,0.8808466351554184,14.38454054054054,5
822,0.8771529927525994,14.57381081081081,5
823,0.8690474025601607,14.763081081081081,5
824,0.8796170530035237,14.952351351351352,5
825,0.8734474601924527,15.14162162162162,5
826,0.8809585425185031,15.330891891891891,5
827,0.8839408737447141,15.520162162162162,5
828,0.883548498552898,15.709432432432433,5
829,0.885757270131785,15.898702702702703,5
830,0.8912435286070192,16.087972972972974,5
831,0.8782930490140262,16.277243243243245,5
832,0.8806780746897718,16.46651351351351,5
833,0.8856565535050086,16.655783783783782,5
834,0.8919961056237646,16.845054054054053,5
835,0.89076652347187,17.034324324324324,5
836,0.8844395609314609,17.223594594594594,5
837,0.8850529531653697,17.412864864864865,5
838,0.8962933483662224,17.602135135135136,5
839,0.8997037252562329,17.791405405405406,5
840,0.8796289431608515,17.980675675675677,5
841,0.87689980234362,18.169945945945948,5
842,0.8879954173934816,18.359216216216215,5
843,0.8857642643419777,18.548486486486485,5
844,0.8833638514038079,18.737756756756756,5
845,0.8831372389935611,18.927027027027027,5
846,0.8740867310040749,19.116297297297297,5
847,0.8764186006823551,19.305567567567568,5
848,0.8739279624326982,19.49483783783784,5
849,0.8846479883952064,19.68410810810811,5
850,0.883728249754853,19.87337837837838,5
851,0.8795275271130558,20.062648648648647,5
852,0.8939146174796504,20.251918918918918,5
853,0.9012816190757291,20.44118918918919,5
854,0.8868938292881153,20.63045945945946,5
855,0.8880282901813878,20.81972972972973,5
856,0.8945245126084627,21.009,5
857,0.8944468768753226,21.19827027027027,5
858,0.8825182513914981,21.38754054054054,5
859,0.8802381388686445,21.576810810810812,5
860,0.8969480064402687,21.76608108108108,5
861,0.8766885771957973,21.95535135135135,5
862,0.8784238407446316,22.14462162162162,5
863,0.8749673020673486,22.33389189189189,5
864,0.8943622469319897,22.523162162162162,5
865,0.8871763953799046,22.712432432432433,5
866,0.8930249539431259,22.901702702702703,5
867,0.8894579067447966,23.090972972972974,5
868,0.8961919323184268,23.280243243243245,5
869,0.8846927513404403,23.469513513513512,5
870,0.8840842550536666,23.658783783783782,5
871,0.8900293337175487,23.848054054054053,5
872,0.8836324290752116,24.037324324324324,5
873,0.8791967009709363,24.226594594594594,5
874,0.8819692058913632,24.415864864864865,5
875,0.9010787869801379,24.605135135135136,5
876,0.8717017053283292,24.794405405405406,5
877,0.8875428919940074,24.983675675675677,5
878,0.8896040857378262,25.172945945945944,5
879,0.90646013230248,25.362216216216215,5
880,0.8976068610404307,25.551486486486485,5
881,0.889638357367771,25.740756756756756,5
882,0.8874519672615009,25.930027027027027,5
883,0.9122583325523131,26.119297297297297,5
884,0.9096718736230148,26.308567567567568,5
885,0.9004807820086532,26.49783783783784,5
886,0.8862755411070715,26.68710810810811,5
887,0.8735915409224244,26.876378378378377,5
888,0.8918625162090821,27.065648648648647,5
889,0.8729207961649347,27.254918918918918,5
890,0.8855411490368273,27.44418918918919,5
891,0.9029329521022498,27.63345945945946,5
892,0.8788525858294504,27.82272972972973,5
893,0.8834799552930085,28.012,5
894,0.9737714432979794,0.0,6
895,0.9905391405032156,0.18927027027027027,6
896,0.9805968198456518,0.37854054054054054,6
897,0.9788939832862087,0.5678108108108109,6
898,0.9718204917845151,0.7570810810810811,6
899,0.9593379465976868,0.9463513513513513,6
900,0.9558857519249216,1.1356216216216217,6
901,0.9488861041595438,1.324891891891892,6
902,0.9439784494439936,1.5141621621621622,6
903,0.9605024623193874,1.7034324324324324,6
904,0.963345446167547,1.8927027027027026,6
905,0.9569092261102591,2.081972972972973,6
906,0.9647270624740162,2.2712432432432434,6
907,0.9573360429061646,2.4605135135135137,6
908,1.0,2.649783783783784,6
909,0.9547995105637157,2.839054054054054,6
910,0.9519432348430193,3.0283243243243243,6
911,0.9575029297502383,3.2175945945945945,6
912,0.9510430796973293,3.4068648648648647,6
913,0.9703539551812826,3.596135135135135,6
914,0.18404517464412856,3.785405405405405,6
915,0.24787496187817112,3.974675675675676,6
916,0.30825181600208534,4.163945945945946,6
917,0.35694954479028745,4.353216216216216,6
918,0.41321625655086247,4.542486486486487,6
919,0.45187492938692714,4.731756756756757,6
920,0.47264938772466036,4.921027027027027,6
921,0.5104485194700087,5.110297297297297,6
922,0.5476258869555778,5.299567567567568,6
923,0.5709797070028231,5.4888378378378375,6
924,0.5791401783030857,5.678108108108108,6
925,0.6115029341808625,5.867378378378378,6
926,0.6282654623245565,6.056648648648649,6
927,0.6596453580719696,6.245918918918919,6
928,0.6560107693705043,6.435189189189189,6
929,0.690243248651798,6.62445945945946,6
930,0.6926468622688783,6.8137297297297295,6
931,0.7183511284430565,7.003,6
932,0.7270964421349405,7.19227027027027,6
933,0.7385939118793157,7.3815405405405405,6
934,0.7494696173639115,7.57081081081081,6
935,0.7613798735942922,7.760081081081081,6
936,0.7786334625844865,7.949351351351352,6
937,0.7744000011814998,8.138621621621622,6
938,0.795389344791912,8.327891891891891,6
939,0.803718918248338,8.517162162162162,6
940,0.8060265350082078,8.706432432432432,6
941,0.8180446030936095,8.895702702702703,6
942,0.8274604179112413,9.084972972972974,6
943,0.8196625193562894,9.274243243243243,6
944,0.837407169192984,9.463513513513513,6
945,0.8356888254489145,9.652783783783784,6
946,0.8264997109017723,9.842054054054055,6
947,0.8698961978598608,10.031324324324324,6
948,0.835952447587562,10.220594594594594,6
949,0.8579024982074434,10.409864864864865,6
950,0.835345452075046,10.599135135135135,6
951,0.8528670938280667,10.788405405405406,6
952,0.8496371688016121,10.977675675675675,6
953,0.8513067756797131,11.166945945945946,6
954,0.8440737817075773,11.356216216216216,6
955,0.8646776610144209,11.545486486486487,6
956,0.8610231345041504,11.734756756756756,6
957,0.8668530974862854,11.924027027027027,6
958,0.8772163274408493,12.113297297297297,6
959,0.8728602854355784,12.302567567567568,6
960,0.8798939013196614,12.491837837837839,6
961,0.869052902391134,12.681108108108107,6
962,0.863297521582678,12.870378378378378,6
963,0.8844936276547746,13.059648648648649,6
964,0.8682657281620072,13.24891891891892,6
965,0.8800940178450773,13.438189189189188,6
966,0.8944942848640278,13.627459459459459,6
967,0.8737818552647999,13.81672972972973,6
968,0.9028533958149801,14.006,6
969,0.8932950625862587,14.19527027027027,6
970,0.9003840612725786,14.38454054054054,6
971,0.8903324518852676,14.57381081081081,6
972,0.8863064913813283,14.763081081081081,6
973,0.9114052389177166,14.952351351351352,6
974,0.905101199148434,15.14162162162162,6
975,0.9030446510920381,15.330891891891891,6
976,0.9045237411304442,15.520162162162162,6
977,0.9187076460019894,15.709432432432433,6
978,0.9106727090534636,15.898702702702703,6
979,0.9055826603092133,16.087972972972974,6
980,0.9198987454687637,16.277243243243245,6
981,0.8965803704149501,16.46651351351351,6
982,0.9121362919072434,16.655783783783782,6
983,0.9287902697585532,16.845054054054053,6
984,0.9221568869253018,17.034324324324324,6
985,0.9022028324980376,17.223594594594594,6
986,0.9107524602886847,17.412864864864865,6
987,0.9287954388200953,17.602135135135136,6
988,0.9022921834189798,17.791405405405406,6
989,0.8980550298291773,17.980675675675677,6
990,0.8934981328611272,18.169945945945948,6
991,0.9129212508242807,18.359216216216215,6
992,0.8973040390308452,18.548486486486485,6
993,0.9271730919332364,18.737756756756756,6
994,0.9169826563216515,18.927027027027027,6
995,0.9326648506030448,19.116297297297297,6
996,0.9081442995220095,19.305567567567568,6
997,0.9327394327767239,19.49483783783784,6
998,0.9159894580682035,19.68410810810811,6
999,0.9160418871209878,19.87337837837838,6
1000,0.9275674174851629,20.062648648648647,6
1001,0.9151018563576873,20.251918918918918,6
1002,0.9342805515536353,20.44118918918919,6
1003,0.9230873180028814,20.63045945945946,6
1004,0.9235266882339606,20.81972972972973,6
1005,0.9145435977111396,21.009,6
1006,0.928836052875069,21.19827027027027,6
1007,0.936009971858152,21.38754054054054,6
1008,0.9255817594156303,21.576810810810812,6
1009,0.9274854509378524,21.76608108108108,6
1010,0.9191470162330686,21.95535135135135,6
1011,0.9387746813458169,22.14462162162162,6
1012,0.9267337217021572,22.33389189189189,6
1013,0.9110544811702165,22.523162162162162,6
1014,0.9134484951015758,22.712432432432433,6
1015,0.9364463883397787,22.901702702702703,6
1016,0.9399643039378649,23.090972972972974,6
1017,0.9213438673884645,23.280243243243245,6
1018,0.9352309204400201,23.469513513513512,6
1019,0.9387724660337274,23.658783783783782,6
1020,0.9367550551575788,23.848054054054053,6
1021,0.915073057300524,24.037324324324324,6
1022,0.9299171251747328,24.226594594594594,6
1023,0.922847325859855,24.415864864864865,6
1024,0.9199135142160269,24.605135135135136,6
1025,0.9170727456799568,24.794405405405406,6
1026,0.9101934632047739,24.983675675675677,6
1027,0.9337141700960928,25.172945945945944,6
1028,0.9332467392452136,25.362216216216215,6
1029,0.9333353517287927,25.551486486486485,6
1030,0.932949887425224,25.740756756756756,6
1031,0.9502226757868604,25.930027027027027,6
1032,0.9218976954108333,26.119297297297297,6
1033,0.9311584383822019,26.308567567567568,6
1034,0.9255160384903092,26.49783783783784,6
1035,0.9399871954961229,26.68710810810811,6
1036,0.9332962145485453,26.876378378378377,6
1037,0.9281788436218581,27.065648648648647,6
1038,0.9177114939990888,27.254918918918918,6
1039,0.9219205869690912,27.44418918918919,6
1040,0.9268599944912572,27.63345945945946,6
1041,0.9300323214033854,27.82272972972973,6
1042,0.920273133211885,28.012,6
1043,0.9803722617536422,0.0,7
1044,0.9774025527851212,0.18927027027027027,7
1045,0.9726488348259518,0.37854054054054054,7
1046,1.0,0.5678108108108109,7
1047,0.9908499481756671,0.7570810810810811,7
1048,0.9860452793273318,0.9463513513513513,7
1049,0.980687429396625,1.1356216216216217,7
1050,0.9691193939464521,1.324891891891892,7
1051,0.9685400095496524,1.5141621621621622,7
1052,0.9836345743999441,1.7034324324324324,7
1053,0.9848166350285907,1.8927027027027026,7
1054,0.9808963280422048,2.081972972972973,7
1055,0.9641036428430014,2.2712432432432434,7
1056,0.9727289005089266,2.4605135135135137,7
1057,0.9617788265573504,2.649783783783784,7
1058,0.9752203989891344,2.839054054054054,7
1059,0.9541922391605623,3.0283243243243243,7
1060,0.9621282040830587,3.2175945945945945,7
1061,0.9565701899449148,3.4068648648648647,7
1062,0.9611128256489687,3.596135135135135,7
1063,0.17977584520246429,3.785405405405405,7
1064,0.24374250294059419,3.974675675675676,7
1065,0.3202205154483096,4.163945945945946,7
1066,0.3634923777469808,4.353216216216216,7
1067,0.41572140636100013,4.542486486486487,7
1068,0.4532940477715537,4.731756756756757,7
1069,0.4793809030244448,4.921027027027027,7
1070,0.5100613448705557,5.110297297297297,7
1071,0.5433395541942772,5.299567567567568,7
1072,0.5860626026296482,5.4888378378378375,7
1073,0.6091040504501147,5.678108108108108,7
1074,0.595811691336602,5.867378378378378,7
1075,0.6370520688972481,6.056648648648649,7
1076,0.6575598017864838,6.245918918918919,7
1077,0.6681816064378632,6.435189189189189,7
1078,0.694638219572129,6.62445945945946,7
1079,0.6975999219723525,6.8137297297297295,7
1080,0.7151321229343054,7.003,7
1081,0.7129921855893416,7.19227027027027,7
1082,0.7429447575902267,7.3815405405405405,7
1083,0.7432169809123412,7.57081081081081,7
1084,0.7489977232231241,7.760081081081081,7
1085,0.7472544749438085,7.949351351351352,7
1086,0.7610366904631581,8.138621621621622,7
1087,0.7882284521411019,8.327891891891891,7
1088,0.7850331035205609,8.517162162162162,7
1089,0.8100034064308756,8.706432432432432,7
1090,0.8089771099491073,8.895702702702703,7
1091,0.803175987282658,9.084972972972974,7
1092,0.8280829655164382,9.274243243243243,7
1093,0.829800738351171,9.463513513513513,7
1094,0.8239734123702936,9.652783783783784,7
1095,0.8327988342436559,9.842054054054055,7
1096,0.8385373601034157,10.031324324324324,7
1097,0.8431083827314335,10.220594594594594,7
1098,0.8263513631546462,10.409864864864865,7
1099,0.8396582796650635,10.599135135135135,7
1100,0.8482143896956922,10.788405405405406,7
1101,0.8524585987632035,10.977675675675675,7
1102,0.838199628495231,11.166945945945946,7
1103,0.8475702248826674,11.356216216216216,7
1104,0.8460547998649074,11.545486486486487,7
1105,0.8490790990718203,11.734756756756756,7
1106,0.8707521515832625,11.924027027027027,7
1107,0.8554312192111055,12.113297297297297,7
1108,0.8624588025667602,12.302567567567568,7
1109,0.8669475759022675,12.491837837837839,7
1110,0.8683370794368034,12.681108108108107,7
1111,0.8707179417005368,12.870378378378378,7
1112,0.8736563522657133,13.059648648648649,7
1113,0.8735573619667626,13.24891891891892,7
1114,0.8506796848614718,13.438189189189188,7
1115,0.853904148275822,13.627459459459459,7
1116,0.8633795579209708,13.81672972972973,7
1117,0.8588332828676908,14.006,7
1118,0.8653317048458663,14.19527027027027,7
1119,0.8718839891925886,14.38454054054054,7
1120,0.859120791456555,14.57381081081081,7
1121,0.8543678013672307,14.763081081081081,7
1122,0.8670210907566352,14.952351351351352,7
1123,0.8737429687772951,15.14162162162162,7
1124,0.8567282832752978,15.330891891891891,7
1125,0.8605561507913401,15.520162162162162,7
1126,0.8610816728195931,15.709432432432433,7
1127,0.8698306683592066,15.898702702702703,7
1128,0.8736112243353092,16.087972972972974,7
1129,0.8809830901277557,16.277243243243245,7
1130,0.8735260635634179,16.46651351351351,7
1131,0.8619303690591263,16.655783783783782,7
1132,0.8819984685618456,16.845054054054053,7
1133,0.8892291276043183,17.034324324324324,7
1134,0.87156663794007,17.223594594594594,7
1135,0.8778204956502498,17.412864864864865,7
1136,0.8626429536376023,17.602135135135136,7
1137,0.8580493670443826,17.791405405405406,7
1138,0.867516770121234,17.980675675675677,7
1139,0.8990233442416761,18.169945945945948,7
1140,0.881786658436885,18.359216216216215,7
1141,0.8812021789511687,18.548486486486485,7
1142,0.8803949712928133,18.737756756756756,7
1143,0.8714807492983335,18.927027027027027,7
1144,0.8656796266318842,19.116297297297297,7
1145,0.8436732097313286,19.305567567567568,7
1146,0.8604083932127593,19.49483783783784,7
1147,0.8665763622812023,19.68410810810811,7
1148,0.8742757695040003,19.87337837837838,7
1149,0.8591506341202092,20.062648648648647,7
1150,0.8643949363550607,20.251918918918918,7
1151,0.8723228947092597,20.44118918918919,7
1152,0.8705032200961953,20.63045945945946,7
1153,0.8808404276380914,20.81972972972973,7
1154,0.8777455250561915,21.009,7
1155,0.8774041540987807,21.19827027027027,7
1156,0.8401750672551737,21.38754054054054,7
1157,0.8451857232697078,21.576810810810812,7
1158,0.8694463530809274,21.76608108108108,7
1159,0.8627113734030536,21.95535135135135,7
1160,0.8665676278430596,22.14462162162162,7
1161,0.8539965877461656,22.33389189189189,7
1162,0.8679898855206307,22.523162162162162,7
1163,0.8746397044266132,22.712432432432433,7
1164,0.9012054980376629,22.901702702702703,7
1165,0.8684382533452898,23.090972972972974,7
1166,0.8713409982880501,23.280243243243245,7
1167,0.8702528328694377,23.469513513513512,7
1168,0.8727938264991207,23.658783783783782,7
1169,0.8485470262149604,23.848054054054053,7
1170,0.8570128803847811,24.037324324324324,7
1171,0.8568549326283671,24.226594594594594,7
1172,0.8700664981890598,24.415864864864865,7
1173,0.8599665762167072,24.605135135135136,7
1174,0.8522446050287071,24.794405405405406,7
1175,0.8735922997193334,24.983675675675677,7
1176,0.8631684756658553,25.172945945945944,7
1177,0.8605918164137561,25.362216216216215,7
1178,0.846311737920272,25.551486486486485,7
1179,0.8418724597342402,25.740756756756756,7
1180,0.8548838610874958,25.930027027027027,7
1181,0.8561729185833906,26.119297297297297,7
1182,0.8734190666961696,26.308567567567568,7
1183,0.86274849476516,26.49783783783784,7
1184,0.8616792539625234,26.68710810810811,7
1185,0.8650063470250504,26.876378378378377,7
1186,0.8651417308162623,27.065648648648647,7
1187,0.862690265177542,27.254918918918918,7
1188,0.8588078074231078,27.44418918918919,7
1189,0.8576148287467829,27.63345945945946,7
1190,0.8591120570184122,27.82272972972973,7
1191,0.8525430316652497,28.012,7
